Purpose,Mode,Origin,Destination,Time Period,Activity Map,Arrival Map
At Work,DA,MANHATTAN,MANHATTAN,AM Peak,12,35
At Work,DA,MANHATTAN,MANHATTAN,Other,12,35
At Work,DA,MANHATTAN,NON-NYC,AM Peak,14,51
At Work,DA,MANHATTAN,NON-NYC,Other,14,51
At Work,DA,MANHATTAN,STATEN ISLAND,AM Peak,14,51
At Work,DA,MANHATTAN,STATEN ISLAND,Other,14,51
At Work,DA,MANHATTAN,WHR,AM Peak,14,51
At Work,DA,MANHATTAN,WHR,Other,14,51
At Work,DA,NON-NYC,MANHATTAN,AM Peak,12,35
At Work,DA,NON-NYC,MANHATTAN,Other,12,35
At Work,DA,NON-NYC,NON-NYC,AM Peak,14,51
At Work,DA,NON-NYC,NON-NYC,Other,14,51
At Work,DA,NON-NYC,STATEN ISLAND,AM Peak,14,51
At Work,DA,NON-NYC,STATEN ISLAND,Other,14,51
At Work,DA,NON-NYC,WHR,AM Peak,14,51
At Work,DA,NON-NYC,WHR,Other,14,51
At Work,DA,STATEN ISLAND,MANHATTAN,AM Peak,12,35
At Work,DA,STATEN ISLAND,MANHATTAN,Other,12,35
At Work,DA,STATEN ISLAND,NON-NYC,AM Peak,14,51
At Work,DA,STATEN ISLAND,NON-NYC,Other,14,51
At Work,DA,STATEN ISLAND,STATEN ISLAND,AM Peak,14,51
At Work,DA,STATEN ISLAND,STATEN ISLAND,Other,14,51
At Work,DA,STATEN ISLAND,WHR,AM Peak,14,51
At Work,DA,STATEN ISLAND,WHR,Other,14,51
At Work,DA,WHR,MANHATTAN,AM Peak,12,35
At Work,DA,WHR,MANHATTAN,Other,12,35
At Work,DA,WHR,NON-NYC,AM Peak,14,51
At Work,DA,WHR,NON-NYC,Other,14,51
At Work,DA,WHR,STATEN ISLAND,AM Peak,14,51
At Work,DA,WHR,STATEN ISLAND,Other,14,51
At Work,DA,WHR,WHR,AM Peak,14,51
At Work,DA,WHR,WHR,Other,14,51
At Work,DC,MANHATTAN,MANHATTAN,AM Peak,13,35
At Work,DC,MANHATTAN,MANHATTAN,Other,13,35
At Work,DC,MANHATTAN,NON-NYC,AM Peak,14,60
At Work,DC,MANHATTAN,NON-NYC,Other,14,60
At Work,DC,MANHATTAN,STATEN ISLAND,AM Peak,14,60
At Work,DC,MANHATTAN,STATEN ISLAND,Other,14,60
At Work,DC,MANHATTAN,WHR,AM Peak,14,60
At Work,DC,MANHATTAN,WHR,Other,14,60
At Work,DC,NON-NYC,MANHATTAN,AM Peak,13,35
At Work,DC,NON-NYC,MANHATTAN,Other,13,35
At Work,DC,NON-NYC,NON-NYC,AM Peak,14,60
At Work,DC,NON-NYC,NON-NYC,Other,14,60
At Work,DC,NON-NYC,STATEN ISLAND,AM Peak,14,60
At Work,DC,NON-NYC,STATEN ISLAND,Other,14,60
At Work,DC,NON-NYC,WHR,AM Peak,14,60
At Work,DC,NON-NYC,WHR,Other,14,60
At Work,DC,STATEN ISLAND,MANHATTAN,AM Peak,13,35
At Work,DC,STATEN ISLAND,MANHATTAN,Other,13,35
At Work,DC,STATEN ISLAND,NON-NYC,AM Peak,14,60
At Work,DC,STATEN ISLAND,NON-NYC,Other,14,60
At Work,DC,STATEN ISLAND,STATEN ISLAND,AM Peak,14,60
At Work,DC,STATEN ISLAND,STATEN ISLAND,Other,14,60
At Work,DC,STATEN ISLAND,WHR,AM Peak,14,60
At Work,DC,STATEN ISLAND,WHR,Other,14,60
At Work,DC,WHR,MANHATTAN,AM Peak,13,35
At Work,DC,WHR,MANHATTAN,Other,13,35
At Work,DC,WHR,NON-NYC,AM Peak,14,60
At Work,DC,WHR,NON-NYC,Other,14,60
At Work,DC,WHR,STATEN ISLAND,AM Peak,14,60
At Work,DC,WHR,STATEN ISLAND,Other,14,60
At Work,DC,WHR,WHR,AM Peak,14,60
At Work,DC,WHR,WHR,Other,14,60
At Work,DT,MANHATTAN,MANHATTAN,AM Peak,13,35
At Work,DT,MANHATTAN,MANHATTAN,Other,13,35
At Work,DT,MANHATTAN,NON-NYC,AM Peak,14,60
At Work,DT,MANHATTAN,NON-NYC,Other,14,60
At Work,DT,MANHATTAN,STATEN ISLAND,AM Peak,14,60
At Work,DT,MANHATTAN,STATEN ISLAND,Other,14,60
At Work,DT,MANHATTAN,WHR,AM Peak,14,60
At Work,DT,MANHATTAN,WHR,Other,14,60
At Work,DT,NON-NYC,MANHATTAN,AM Peak,13,35
At Work,DT,NON-NYC,MANHATTAN,Other,13,35
At Work,DT,NON-NYC,NON-NYC,AM Peak,14,60
At Work,DT,NON-NYC,NON-NYC,Other,14,60
At Work,DT,NON-NYC,STATEN ISLAND,AM Peak,14,60
At Work,DT,NON-NYC,STATEN ISLAND,Other,14,60
At Work,DT,NON-NYC,WHR,AM Peak,14,60
At Work,DT,NON-NYC,WHR,Other,14,60
At Work,DT,STATEN ISLAND,MANHATTAN,AM Peak,13,35
At Work,DT,STATEN ISLAND,MANHATTAN,Other,13,35
At Work,DT,STATEN ISLAND,NON-NYC,AM Peak,14,60
At Work,DT,STATEN ISLAND,NON-NYC,Other,14,60
At Work,DT,STATEN ISLAND,STATEN ISLAND,AM Peak,14,60
At Work,DT,STATEN ISLAND,STATEN ISLAND,Other,14,60
At Work,DT,STATEN ISLAND,WHR,AM Peak,14,60
At Work,DT,STATEN ISLAND,WHR,Other,14,60
At Work,DT,WHR,MANHATTAN,AM Peak,13,35
At Work,DT,WHR,MANHATTAN,Other,13,35
At Work,DT,WHR,NON-NYC,AM Peak,14,60
At Work,DT,WHR,NON-NYC,Other,14,60
At Work,DT,WHR,STATEN ISLAND,AM Peak,14,60
At Work,DT,WHR,STATEN ISLAND,Other,14,60
At Work,DT,WHR,WHR,AM Peak,14,60
At Work,DT,WHR,WHR,Other,14,60
At Work,SR,MANHATTAN,MANHATTAN,AM Peak,12,35
At Work,SR,MANHATTAN,MANHATTAN,Other,12,35
At Work,SR,MANHATTAN,NON-NYC,AM Peak,14,57
At Work,SR,MANHATTAN,NON-NYC,Other,14,57
At Work,SR,MANHATTAN,STATEN ISLAND,AM Peak,14,57
At Work,SR,MANHATTAN,STATEN ISLAND,Other,14,57
At Work,SR,MANHATTAN,WHR,AM Peak,14,57
At Work,SR,MANHATTAN,WHR,Other,14,57
At Work,SR,NON-NYC,MANHATTAN,AM Peak,12,35
At Work,SR,NON-NYC,MANHATTAN,Other,12,35
At Work,SR,NON-NYC,NON-NYC,AM Peak,14,57
At Work,SR,NON-NYC,NON-NYC,Other,14,57
At Work,SR,NON-NYC,STATEN ISLAND,AM Peak,14,57
At Work,SR,NON-NYC,STATEN ISLAND,Other,14,57
At Work,SR,NON-NYC,WHR,AM Peak,14,57
At Work,SR,NON-NYC,WHR,Other,14,57
At Work,SR,STATEN ISLAND,MANHATTAN,AM Peak,12,35
At Work,SR,STATEN ISLAND,MANHATTAN,Other,12,35
At Work,SR,STATEN ISLAND,NON-NYC,AM Peak,14,57
At Work,SR,STATEN ISLAND,NON-NYC,Other,14,57
At Work,SR,STATEN ISLAND,STATEN ISLAND,AM Peak,14,57
At Work,SR,STATEN ISLAND,STATEN ISLAND,Other,14,57
At Work,SR,STATEN ISLAND,WHR,AM Peak,14,57
At Work,SR,STATEN ISLAND,WHR,Other,14,57
At Work,SR,WHR,MANHATTAN,AM Peak,12,35
At Work,SR,WHR,MANHATTAN,Other,12,35
At Work,SR,WHR,NON-NYC,AM Peak,14,57
At Work,SR,WHR,NON-NYC,Other,14,57
At Work,SR,WHR,STATEN ISLAND,AM Peak,14,57
At Work,SR,WHR,STATEN ISLAND,Other,14,57
At Work,SR,WHR,WHR,AM Peak,14,57
At Work,SR,WHR,WHR,Other,14,57
At Work,TAXI,MANHATTAN,MANHATTAN,AM Peak,13,35
At Work,TAXI,MANHATTAN,MANHATTAN,Other,13,35
At Work,TAXI,MANHATTAN,NON-NYC,AM Peak,14,60
At Work,TAXI,MANHATTAN,NON-NYC,Other,14,60
At Work,TAXI,MANHATTAN,STATEN ISLAND,AM Peak,14,60
At Work,TAXI,MANHATTAN,STATEN ISLAND,Other,14,60
At Work,TAXI,MANHATTAN,WHR,AM Peak,14,60
At Work,TAXI,MANHATTAN,WHR,Other,14,60
At Work,TAXI,NON-NYC,MANHATTAN,AM Peak,13,35
At Work,TAXI,NON-NYC,MANHATTAN,Other,13,35
At Work,TAXI,NON-NYC,NON-NYC,AM Peak,14,60
At Work,TAXI,NON-NYC,NON-NYC,Other,14,60
At Work,TAXI,NON-NYC,STATEN ISLAND,AM Peak,14,60
At Work,TAXI,NON-NYC,STATEN ISLAND,Other,14,60
At Work,TAXI,NON-NYC,WHR,AM Peak,14,60
At Work,TAXI,NON-NYC,WHR,Other,14,60
At Work,TAXI,STATEN ISLAND,MANHATTAN,AM Peak,13,35
At Work,TAXI,STATEN ISLAND,MANHATTAN,Other,13,35
At Work,TAXI,STATEN ISLAND,NON-NYC,AM Peak,14,60
At Work,TAXI,STATEN ISLAND,NON-NYC,Other,14,60
At Work,TAXI,STATEN ISLAND,STATEN ISLAND,AM Peak,14,60
At Work,TAXI,STATEN ISLAND,STATEN ISLAND,Other,14,60
At Work,TAXI,STATEN ISLAND,WHR,AM Peak,14,60
At Work,TAXI,STATEN ISLAND,WHR,Other,14,60
At Work,TAXI,WHR,MANHATTAN,AM Peak,13,35
At Work,TAXI,WHR,MANHATTAN,Other,13,35
At Work,TAXI,WHR,NON-NYC,AM Peak,14,60
At Work,TAXI,WHR,NON-NYC,Other,14,60
At Work,TAXI,WHR,STATEN ISLAND,AM Peak,14,60
At Work,TAXI,WHR,STATEN ISLAND,Other,14,60
At Work,TAXI,WHR,WHR,AM Peak,14,60
At Work,TAXI,WHR,WHR,Other,14,60
At Work,WC,MANHATTAN,MANHATTAN,AM Peak,13,35
At Work,WC,MANHATTAN,MANHATTAN,Other,13,35
At Work,WC,MANHATTAN,NON-NYC,AM Peak,14,60
At Work,WC,MANHATTAN,NON-NYC,Other,14,60
At Work,WC,MANHATTAN,STATEN ISLAND,AM Peak,14,60
At Work,WC,MANHATTAN,STATEN ISLAND,Other,14,60
At Work,WC,MANHATTAN,WHR,AM Peak,14,60
At Work,WC,MANHATTAN,WHR,Other,14,60
At Work,WC,NON-NYC,MANHATTAN,AM Peak,13,35
At Work,WC,NON-NYC,MANHATTAN,Other,13,35
At Work,WC,NON-NYC,NON-NYC,AM Peak,14,60
At Work,WC,NON-NYC,NON-NYC,Other,14,60
At Work,WC,NON-NYC,STATEN ISLAND,AM Peak,14,60
At Work,WC,NON-NYC,STATEN ISLAND,Other,14,60
At Work,WC,NON-NYC,WHR,AM Peak,14,60
At Work,WC,NON-NYC,WHR,Other,14,60
At Work,WC,STATEN ISLAND,MANHATTAN,AM Peak,13,35
At Work,WC,STATEN ISLAND,MANHATTAN,Other,13,35
At Work,WC,STATEN ISLAND,NON-NYC,AM Peak,14,60
At Work,WC,STATEN ISLAND,NON-NYC,Other,14,60
At Work,WC,STATEN ISLAND,STATEN ISLAND,AM Peak,14,60
At Work,WC,STATEN ISLAND,STATEN ISLAND,Other,14,60
At Work,WC,STATEN ISLAND,WHR,AM Peak,14,60
At Work,WC,STATEN ISLAND,WHR,Other,14,60
At Work,WC,WHR,MANHATTAN,AM Peak,13,35
At Work,WC,WHR,MANHATTAN,Other,13,35
At Work,WC,WHR,NON-NYC,AM Peak,14,60
At Work,WC,WHR,NON-NYC,Other,14,60
At Work,WC,WHR,STATEN ISLAND,AM Peak,14,60
At Work,WC,WHR,STATEN ISLAND,Other,14,60
At Work,WC,WHR,WHR,AM Peak,14,60
At Work,WC,WHR,WHR,Other,14,60
At Work,WT,MANHATTAN,MANHATTAN,AM Peak,13,35
At Work,WT,MANHATTAN,MANHATTAN,Other,13,35
At Work,WT,MANHATTAN,NON-NYC,AM Peak,14,60
At Work,WT,MANHATTAN,NON-NYC,Other,14,60
At Work,WT,MANHATTAN,STATEN ISLAND,AM Peak,14,60
At Work,WT,MANHATTAN,STATEN ISLAND,Other,14,60
At Work,WT,MANHATTAN,WHR,AM Peak,14,60
At Work,WT,MANHATTAN,WHR,Other,14,60
At Work,WT,NON-NYC,MANHATTAN,AM Peak,13,35
At Work,WT,NON-NYC,MANHATTAN,Other,13,35
At Work,WT,NON-NYC,NON-NYC,AM Peak,14,60
At Work,WT,NON-NYC,NON-NYC,Other,14,60
At Work,WT,NON-NYC,STATEN ISLAND,AM Peak,14,60
At Work,WT,NON-NYC,STATEN ISLAND,Other,14,60
At Work,WT,NON-NYC,WHR,AM Peak,14,60
At Work,WT,NON-NYC,WHR,Other,14,60
At Work,WT,STATEN ISLAND,MANHATTAN,AM Peak,13,35
At Work,WT,STATEN ISLAND,MANHATTAN,Other,13,35
At Work,WT,STATEN ISLAND,NON-NYC,AM Peak,14,60
At Work,WT,STATEN ISLAND,NON-NYC,Other,14,60
At Work,WT,STATEN ISLAND,STATEN ISLAND,AM Peak,14,60
At Work,WT,STATEN ISLAND,STATEN ISLAND,Other,14,60
At Work,WT,STATEN ISLAND,WHR,AM Peak,14,60
At Work,WT,STATEN ISLAND,WHR,Other,14,60
At Work,WT,WHR,MANHATTAN,AM Peak,13,35
At Work,WT,WHR,MANHATTAN,Other,13,35
At Work,WT,WHR,NON-NYC,AM Peak,14,60
At Work,WT,WHR,NON-NYC,Other,14,60
At Work,WT,WHR,STATEN ISLAND,AM Peak,14,60
At Work,WT,WHR,STATEN ISLAND,Other,14,60
At Work,WT,WHR,WHR,AM Peak,14,60
At Work,WT,WHR,WHR,Other,14,60
Discretionary,DA,MANHATTAN,MANHATTAN,AM Peak,33,113
Discretionary,DA,MANHATTAN,MANHATTAN,Other,32,113
Discretionary,DA,MANHATTAN,NON-NYC,AM Peak,31,114
Discretionary,DA,MANHATTAN,NON-NYC,Other,30,114
Discretionary,DA,MANHATTAN,STATEN ISLAND,AM Peak,31,114
Discretionary,DA,MANHATTAN,STATEN ISLAND,Other,30,114
Discretionary,DA,MANHATTAN,WHR,AM Peak,31,119
Discretionary,DA,MANHATTAN,WHR,Other,30,119
Discretionary,DA,NON-NYC,MANHATTAN,AM Peak,33,113
Discretionary,DA,NON-NYC,MANHATTAN,Other,32,113
Discretionary,DA,NON-NYC,NON-NYC,AM Peak,31,114
Discretionary,DA,NON-NYC,NON-NYC,Other,30,114
Discretionary,DA,NON-NYC,STATEN ISLAND,AM Peak,31,114
Discretionary,DA,NON-NYC,STATEN ISLAND,Other,30,114
Discretionary,DA,NON-NYC,WHR,AM Peak,31,119
Discretionary,DA,NON-NYC,WHR,Other,30,119
Discretionary,DA,STATEN ISLAND,MANHATTAN,AM Peak,33,39
Discretionary,DA,STATEN ISLAND,MANHATTAN,Other,32,39
Discretionary,DA,STATEN ISLAND,NON-NYC,AM Peak,31,55
Discretionary,DA,STATEN ISLAND,NON-NYC,Other,30,55
Discretionary,DA,STATEN ISLAND,STATEN ISLAND,AM Peak,31,55
Discretionary,DA,STATEN ISLAND,STATEN ISLAND,Other,30,55
Discretionary,DA,STATEN ISLAND,WHR,AM Peak,31,124
Discretionary,DA,STATEN ISLAND,WHR,Other,30,124
Discretionary,DA,WHR,MANHATTAN,AM Peak,33,39
Discretionary,DA,WHR,MANHATTAN,Other,32,39
Discretionary,DA,WHR,NON-NYC,AM Peak,31,55
Discretionary,DA,WHR,NON-NYC,Other,30,55
Discretionary,DA,WHR,STATEN ISLAND,AM Peak,31,55
Discretionary,DA,WHR,STATEN ISLAND,Other,30,55
Discretionary,DA,WHR,WHR,AM Peak,31,55
Discretionary,DA,WHR,WHR,Other,30,55
Discretionary,DC,MANHATTAN,MANHATTAN,AM Peak,30,103
Discretionary,DC,MANHATTAN,MANHATTAN,Other,30,103
Discretionary,DC,MANHATTAN,NON-NYC,AM Peak,31,104
Discretionary,DC,MANHATTAN,NON-NYC,Other,30,104
Discretionary,DC,MANHATTAN,STATEN ISLAND,AM Peak,31,104
Discretionary,DC,MANHATTAN,STATEN ISLAND,Other,30,104
Discretionary,DC,MANHATTAN,WHR,AM Peak,31,104
Discretionary,DC,MANHATTAN,WHR,Other,30,104
Discretionary,DC,NON-NYC,MANHATTAN,AM Peak,30,103
Discretionary,DC,NON-NYC,MANHATTAN,Other,30,103
Discretionary,DC,NON-NYC,NON-NYC,AM Peak,31,104
Discretionary,DC,NON-NYC,NON-NYC,Other,30,104
Discretionary,DC,NON-NYC,STATEN ISLAND,AM Peak,31,104
Discretionary,DC,NON-NYC,STATEN ISLAND,Other,30,104
Discretionary,DC,NON-NYC,WHR,AM Peak,31,104
Discretionary,DC,NON-NYC,WHR,Other,30,104
Discretionary,DC,STATEN ISLAND,MANHATTAN,AM Peak,30,45
Discretionary,DC,STATEN ISLAND,MANHATTAN,Other,30,45
Discretionary,DC,STATEN ISLAND,NON-NYC,AM Peak,31,64
Discretionary,DC,STATEN ISLAND,NON-NYC,Other,30,64
Discretionary,DC,STATEN ISLAND,STATEN ISLAND,AM Peak,31,64
Discretionary,DC,STATEN ISLAND,STATEN ISLAND,Other,30,64
Discretionary,DC,STATEN ISLAND,WHR,AM Peak,31,64
Discretionary,DC,STATEN ISLAND,WHR,Other,30,64
Discretionary,DC,WHR,MANHATTAN,AM Peak,30,45
Discretionary,DC,WHR,MANHATTAN,Other,30,45
Discretionary,DC,WHR,NON-NYC,AM Peak,31,64
Discretionary,DC,WHR,NON-NYC,Other,30,64
Discretionary,DC,WHR,STATEN ISLAND,AM Peak,31,64
Discretionary,DC,WHR,STATEN ISLAND,Other,30,64
Discretionary,DC,WHR,WHR,AM Peak,31,64
Discretionary,DC,WHR,WHR,Other,30,64
Discretionary,DT,MANHATTAN,MANHATTAN,AM Peak,30,103
Discretionary,DT,MANHATTAN,MANHATTAN,Other,30,103
Discretionary,DT,MANHATTAN,NON-NYC,AM Peak,31,104
Discretionary,DT,MANHATTAN,NON-NYC,Other,30,104
Discretionary,DT,MANHATTAN,STATEN ISLAND,AM Peak,31,104
Discretionary,DT,MANHATTAN,STATEN ISLAND,Other,30,104
Discretionary,DT,MANHATTAN,WHR,AM Peak,31,104
Discretionary,DT,MANHATTAN,WHR,Other,30,104
Discretionary,DT,NON-NYC,MANHATTAN,AM Peak,30,103
Discretionary,DT,NON-NYC,MANHATTAN,Other,30,103
Discretionary,DT,NON-NYC,NON-NYC,AM Peak,31,104
Discretionary,DT,NON-NYC,NON-NYC,Other,30,104
Discretionary,DT,NON-NYC,STATEN ISLAND,AM Peak,31,104
Discretionary,DT,NON-NYC,STATEN ISLAND,Other,30,104
Discretionary,DT,NON-NYC,WHR,AM Peak,31,104
Discretionary,DT,NON-NYC,WHR,Other,30,104
Discretionary,DT,STATEN ISLAND,MANHATTAN,AM Peak,30,45
Discretionary,DT,STATEN ISLAND,MANHATTAN,Other,30,45
Discretionary,DT,STATEN ISLAND,NON-NYC,AM Peak,31,64
Discretionary,DT,STATEN ISLAND,NON-NYC,Other,30,64
Discretionary,DT,STATEN ISLAND,STATEN ISLAND,AM Peak,31,64
Discretionary,DT,STATEN ISLAND,STATEN ISLAND,Other,30,64
Discretionary,DT,STATEN ISLAND,WHR,AM Peak,31,64
Discretionary,DT,STATEN ISLAND,WHR,Other,30,64
Discretionary,DT,WHR,MANHATTAN,AM Peak,30,45
Discretionary,DT,WHR,MANHATTAN,Other,30,45
Discretionary,DT,WHR,NON-NYC,AM Peak,31,64
Discretionary,DT,WHR,NON-NYC,Other,30,64
Discretionary,DT,WHR,STATEN ISLAND,AM Peak,31,64
Discretionary,DT,WHR,STATEN ISLAND,Other,30,64
Discretionary,DT,WHR,WHR,AM Peak,31,64
Discretionary,DT,WHR,WHR,Other,30,64
Discretionary,SR,MANHATTAN,MANHATTAN,AM Peak,33,113
Discretionary,SR,MANHATTAN,MANHATTAN,Other,32,113
Discretionary,SR,MANHATTAN,NON-NYC,AM Peak,31,114
Discretionary,SR,MANHATTAN,NON-NYC,Other,30,114
Discretionary,SR,MANHATTAN,STATEN ISLAND,AM Peak,31,114
Discretionary,SR,MANHATTAN,STATEN ISLAND,Other,30,114
Discretionary,SR,MANHATTAN,WHR,AM Peak,31,119
Discretionary,SR,MANHATTAN,WHR,Other,30,119
Discretionary,SR,NON-NYC,MANHATTAN,AM Peak,33,113
Discretionary,SR,NON-NYC,MANHATTAN,Other,32,113
Discretionary,SR,NON-NYC,NON-NYC,AM Peak,31,114
Discretionary,SR,NON-NYC,NON-NYC,Other,30,114
Discretionary,SR,NON-NYC,STATEN ISLAND,AM Peak,31,114
Discretionary,SR,NON-NYC,STATEN ISLAND,Other,30,114
Discretionary,SR,NON-NYC,WHR,AM Peak,31,119
Discretionary,SR,NON-NYC,WHR,Other,30,119
Discretionary,SR,STATEN ISLAND,MANHATTAN,AM Peak,33,39
Discretionary,SR,STATEN ISLAND,MANHATTAN,Other,32,39
Discretionary,SR,STATEN ISLAND,NON-NYC,AM Peak,31,55
Discretionary,SR,STATEN ISLAND,NON-NYC,Other,30,55
Discretionary,SR,STATEN ISLAND,STATEN ISLAND,AM Peak,31,55
Discretionary,SR,STATEN ISLAND,STATEN ISLAND,Other,30,55
Discretionary,SR,STATEN ISLAND,WHR,AM Peak,31,124
Discretionary,SR,STATEN ISLAND,WHR,Other,30,124
Discretionary,SR,WHR,MANHATTAN,AM Peak,33,39
Discretionary,SR,WHR,MANHATTAN,Other,32,39
Discretionary,SR,WHR,NON-NYC,AM Peak,31,55
Discretionary,SR,WHR,NON-NYC,Other,30,55
Discretionary,SR,WHR,STATEN ISLAND,AM Peak,31,55
Discretionary,SR,WHR,STATEN ISLAND,Other,30,55
Discretionary,SR,WHR,WHR,AM Peak,31,55
Discretionary,SR,WHR,WHR,Other,30,55
Discretionary,TAXI,MANHATTAN,MANHATTAN,AM Peak,30,45
Discretionary,TAXI,MANHATTAN,MANHATTAN,Other,30,45
Discretionary,TAXI,MANHATTAN,NON-NYC,AM Peak,31,64
Discretionary,TAXI,MANHATTAN,NON-NYC,Other,30,64
Discretionary,TAXI,MANHATTAN,STATEN ISLAND,AM Peak,31,64
Discretionary,TAXI,MANHATTAN,STATEN ISLAND,Other,30,64
Discretionary,TAXI,MANHATTAN,WHR,AM Peak,31,64
Discretionary,TAXI,MANHATTAN,WHR,Other,30,64
Discretionary,TAXI,NON-NYC,MANHATTAN,AM Peak,30,45
Discretionary,TAXI,NON-NYC,MANHATTAN,Other,30,45
Discretionary,TAXI,NON-NYC,NON-NYC,AM Peak,31,64
Discretionary,TAXI,NON-NYC,NON-NYC,Other,30,64
Discretionary,TAXI,NON-NYC,STATEN ISLAND,AM Peak,31,64
Discretionary,TAXI,NON-NYC,STATEN ISLAND,Other,30,64
Discretionary,TAXI,NON-NYC,WHR,AM Peak,31,64
Discretionary,TAXI,NON-NYC,WHR,Other,30,64
Discretionary,TAXI,STATEN ISLAND,MANHATTAN,AM Peak,30,45
Discretionary,TAXI,STATEN ISLAND,MANHATTAN,Other,30,45
Discretionary,TAXI,STATEN ISLAND,NON-NYC,AM Peak,31,64
Discretionary,TAXI,STATEN ISLAND,NON-NYC,Other,30,64
Discretionary,TAXI,STATEN ISLAND,STATEN ISLAND,AM Peak,31,64
Discretionary,TAXI,STATEN ISLAND,STATEN ISLAND,Other,30,64
Discretionary,TAXI,STATEN ISLAND,WHR,AM Peak,31,64
Discretionary,TAXI,STATEN ISLAND,WHR,Other,30,64
Discretionary,TAXI,WHR,MANHATTAN,AM Peak,30,45
Discretionary,TAXI,WHR,MANHATTAN,Other,30,45
Discretionary,TAXI,WHR,NON-NYC,AM Peak,31,64
Discretionary,TAXI,WHR,NON-NYC,Other,30,64
Discretionary,TAXI,WHR,STATEN ISLAND,AM Peak,31,64
Discretionary,TAXI,WHR,STATEN ISLAND,Other,30,64
Discretionary,TAXI,WHR,WHR,AM Peak,31,64
Discretionary,TAXI,WHR,WHR,Other,30,64
Discretionary,WC,MANHATTAN,MANHATTAN,AM Peak,30,103
Discretionary,WC,MANHATTAN,MANHATTAN,Other,30,103
Discretionary,WC,MANHATTAN,NON-NYC,AM Peak,31,104
Discretionary,WC,MANHATTAN,NON-NYC,Other,30,104
Discretionary,WC,MANHATTAN,STATEN ISLAND,AM Peak,31,104
Discretionary,WC,MANHATTAN,STATEN ISLAND,Other,30,104
Discretionary,WC,MANHATTAN,WHR,AM Peak,31,104
Discretionary,WC,MANHATTAN,WHR,Other,30,104
Discretionary,WC,NON-NYC,MANHATTAN,AM Peak,30,103
Discretionary,WC,NON-NYC,MANHATTAN,Other,30,103
Discretionary,WC,NON-NYC,NON-NYC,AM Peak,31,104
Discretionary,WC,NON-NYC,NON-NYC,Other,30,104
Discretionary,WC,NON-NYC,STATEN ISLAND,AM Peak,31,104
Discretionary,WC,NON-NYC,STATEN ISLAND,Other,30,104
Discretionary,WC,NON-NYC,WHR,AM Peak,31,104
Discretionary,WC,NON-NYC,WHR,Other,30,104
Discretionary,WC,STATEN ISLAND,MANHATTAN,AM Peak,30,45
Discretionary,WC,STATEN ISLAND,MANHATTAN,Other,30,45
Discretionary,WC,STATEN ISLAND,NON-NYC,AM Peak,31,64
Discretionary,WC,STATEN ISLAND,NON-NYC,Other,30,64
Discretionary,WC,STATEN ISLAND,STATEN ISLAND,AM Peak,31,64
Discretionary,WC,STATEN ISLAND,STATEN ISLAND,Other,30,64
Discretionary,WC,STATEN ISLAND,WHR,AM Peak,31,64
Discretionary,WC,STATEN ISLAND,WHR,Other,30,64
Discretionary,WC,WHR,MANHATTAN,AM Peak,30,45
Discretionary,WC,WHR,MANHATTAN,Other,30,45
Discretionary,WC,WHR,NON-NYC,AM Peak,31,64
Discretionary,WC,WHR,NON-NYC,Other,30,64
Discretionary,WC,WHR,STATEN ISLAND,AM Peak,31,64
Discretionary,WC,WHR,STATEN ISLAND,Other,30,64
Discretionary,WC,WHR,WHR,AM Peak,31,64
Discretionary,WC,WHR,WHR,Other,30,64
Discretionary,WT,MANHATTAN,MANHATTAN,AM Peak,30,103
Discretionary,WT,MANHATTAN,MANHATTAN,Other,30,103
Discretionary,WT,MANHATTAN,NON-NYC,AM Peak,31,104
Discretionary,WT,MANHATTAN,NON-NYC,Other,30,104
Discretionary,WT,MANHATTAN,STATEN ISLAND,AM Peak,31,104
Discretionary,WT,MANHATTAN,STATEN ISLAND,Other,30,104
Discretionary,WT,MANHATTAN,WHR,AM Peak,31,104
Discretionary,WT,MANHATTAN,WHR,Other,30,104
Discretionary,WT,NON-NYC,MANHATTAN,AM Peak,30,103
Discretionary,WT,NON-NYC,MANHATTAN,Other,30,103
Discretionary,WT,NON-NYC,NON-NYC,AM Peak,31,104
Discretionary,WT,NON-NYC,NON-NYC,Other,30,104
Discretionary,WT,NON-NYC,STATEN ISLAND,AM Peak,31,104
Discretionary,WT,NON-NYC,STATEN ISLAND,Other,30,104
Discretionary,WT,NON-NYC,WHR,AM Peak,31,104
Discretionary,WT,NON-NYC,WHR,Other,30,104
Discretionary,WT,STATEN ISLAND,MANHATTAN,AM Peak,30,45
Discretionary,WT,STATEN ISLAND,MANHATTAN,Other,30,45
Discretionary,WT,STATEN ISLAND,NON-NYC,AM Peak,31,64
Discretionary,WT,STATEN ISLAND,NON-NYC,Other,30,64
Discretionary,WT,STATEN ISLAND,STATEN ISLAND,AM Peak,31,64
Discretionary,WT,STATEN ISLAND,STATEN ISLAND,Other,30,64
Discretionary,WT,STATEN ISLAND,WHR,AM Peak,31,64
Discretionary,WT,STATEN ISLAND,WHR,Other,30,64
Discretionary,WT,WHR,MANHATTAN,AM Peak,30,45
Discretionary,WT,WHR,MANHATTAN,Other,30,45
Discretionary,WT,WHR,NON-NYC,AM Peak,31,64
Discretionary,WT,WHR,NON-NYC,Other,30,64
Discretionary,WT,WHR,STATEN ISLAND,AM Peak,31,64
Discretionary,WT,WHR,STATEN ISLAND,Other,30,64
Discretionary,WT,WHR,WHR,AM Peak,31,64
Discretionary,WT,WHR,WHR,Other,30,64
Maintenance,DA,MANHATTAN,MANHATTAN,AM Peak,30,109
Maintenance,DA,MANHATTAN,MANHATTAN,Other,27,109
Maintenance,DA,MANHATTAN,NON-NYC,AM Peak,29,111
Maintenance,DA,MANHATTAN,NON-NYC,Other,29,111
Maintenance,DA,MANHATTAN,STATEN ISLAND,AM Peak,29,111
Maintenance,DA,MANHATTAN,STATEN ISLAND,Other,29,111
Maintenance,DA,MANHATTAN,WHR,AM Peak,29,117
Maintenance,DA,MANHATTAN,WHR,Other,29,117
Maintenance,DA,NON-NYC,MANHATTAN,AM Peak,30,109
Maintenance,DA,NON-NYC,MANHATTAN,Other,27,109
Maintenance,DA,NON-NYC,NON-NYC,AM Peak,29,111
Maintenance,DA,NON-NYC,NON-NYC,Other,29,111
Maintenance,DA,NON-NYC,STATEN ISLAND,AM Peak,29,111
Maintenance,DA,NON-NYC,STATEN ISLAND,Other,29,111
Maintenance,DA,NON-NYC,WHR,AM Peak,29,117
Maintenance,DA,NON-NYC,WHR,Other,29,117
Maintenance,DA,STATEN ISLAND,MANHATTAN,AM Peak,30,38
Maintenance,DA,STATEN ISLAND,MANHATTAN,Other,27,38
Maintenance,DA,STATEN ISLAND,NON-NYC,AM Peak,29,54
Maintenance,DA,STATEN ISLAND,NON-NYC,Other,29,54
Maintenance,DA,STATEN ISLAND,STATEN ISLAND,AM Peak,29,54
Maintenance,DA,STATEN ISLAND,STATEN ISLAND,Other,29,54
Maintenance,DA,STATEN ISLAND,WHR,AM Peak,29,122
Maintenance,DA,STATEN ISLAND,WHR,Other,29,122
Maintenance,DA,WHR,MANHATTAN,AM Peak,30,38
Maintenance,DA,WHR,MANHATTAN,Other,27,38
Maintenance,DA,WHR,NON-NYC,AM Peak,29,54
Maintenance,DA,WHR,NON-NYC,Other,29,54
Maintenance,DA,WHR,STATEN ISLAND,AM Peak,29,54
Maintenance,DA,WHR,STATEN ISLAND,Other,29,54
Maintenance,DA,WHR,WHR,AM Peak,29,54
Maintenance,DA,WHR,WHR,Other,29,54
Maintenance,DC,MANHATTAN,MANHATTAN,AM Peak,27,100
Maintenance,DC,MANHATTAN,MANHATTAN,Other,29,100
Maintenance,DC,MANHATTAN,NON-NYC,AM Peak,76,102
Maintenance,DC,MANHATTAN,NON-NYC,Other,29,102
Maintenance,DC,MANHATTAN,STATEN ISLAND,AM Peak,76,102
Maintenance,DC,MANHATTAN,STATEN ISLAND,Other,29,102
Maintenance,DC,MANHATTAN,WHR,AM Peak,76,65
Maintenance,DC,MANHATTAN,WHR,Other,29,65
Maintenance,DC,NON-NYC,MANHATTAN,AM Peak,27,100
Maintenance,DC,NON-NYC,MANHATTAN,Other,29,100
Maintenance,DC,NON-NYC,NON-NYC,AM Peak,76,102
Maintenance,DC,NON-NYC,NON-NYC,Other,29,102
Maintenance,DC,NON-NYC,STATEN ISLAND,AM Peak,76,102
Maintenance,DC,NON-NYC,STATEN ISLAND,Other,29,102
Maintenance,DC,NON-NYC,WHR,AM Peak,76,65
Maintenance,DC,NON-NYC,WHR,Other,29,65
Maintenance,DC,STATEN ISLAND,MANHATTAN,AM Peak,27,44
Maintenance,DC,STATEN ISLAND,MANHATTAN,Other,29,44
Maintenance,DC,STATEN ISLAND,NON-NYC,AM Peak,76,65
Maintenance,DC,STATEN ISLAND,NON-NYC,Other,29,65
Maintenance,DC,STATEN ISLAND,STATEN ISLAND,AM Peak,76,65
Maintenance,DC,STATEN ISLAND,STATEN ISLAND,Other,29,65
Maintenance,DC,STATEN ISLAND,WHR,AM Peak,76,65
Maintenance,DC,STATEN ISLAND,WHR,Other,29,65
Maintenance,DC,WHR,MANHATTAN,AM Peak,27,44
Maintenance,DC,WHR,MANHATTAN,Other,29,44
Maintenance,DC,WHR,NON-NYC,AM Peak,76,65
Maintenance,DC,WHR,NON-NYC,Other,29,65
Maintenance,DC,WHR,STATEN ISLAND,AM Peak,76,65
Maintenance,DC,WHR,STATEN ISLAND,Other,29,65
Maintenance,DC,WHR,WHR,AM Peak,76,65
Maintenance,DC,WHR,WHR,Other,29,65
Maintenance,DT,MANHATTAN,MANHATTAN,AM Peak,27,100
Maintenance,DT,MANHATTAN,MANHATTAN,Other,29,100
Maintenance,DT,MANHATTAN,NON-NYC,AM Peak,31,101
Maintenance,DT,MANHATTAN,NON-NYC,Other,29,101
Maintenance,DT,MANHATTAN,STATEN ISLAND,AM Peak,31,101
Maintenance,DT,MANHATTAN,STATEN ISLAND,Other,29,101
Maintenance,DT,MANHATTAN,WHR,AM Peak,31,63
Maintenance,DT,MANHATTAN,WHR,Other,29,63
Maintenance,DT,NON-NYC,MANHATTAN,AM Peak,27,100
Maintenance,DT,NON-NYC,MANHATTAN,Other,29,100
Maintenance,DT,NON-NYC,NON-NYC,AM Peak,31,101
Maintenance,DT,NON-NYC,NON-NYC,Other,29,101
Maintenance,DT,NON-NYC,STATEN ISLAND,AM Peak,31,101
Maintenance,DT,NON-NYC,STATEN ISLAND,Other,29,101
Maintenance,DT,NON-NYC,WHR,AM Peak,31,63
Maintenance,DT,NON-NYC,WHR,Other,29,63
Maintenance,DT,STATEN ISLAND,MANHATTAN,AM Peak,27,44
Maintenance,DT,STATEN ISLAND,MANHATTAN,Other,29,44
Maintenance,DT,STATEN ISLAND,NON-NYC,AM Peak,31,63
Maintenance,DT,STATEN ISLAND,NON-NYC,Other,29,63
Maintenance,DT,STATEN ISLAND,STATEN ISLAND,AM Peak,31,63
Maintenance,DT,STATEN ISLAND,STATEN ISLAND,Other,29,63
Maintenance,DT,STATEN ISLAND,WHR,AM Peak,31,63
Maintenance,DT,STATEN ISLAND,WHR,Other,29,63
Maintenance,DT,WHR,MANHATTAN,AM Peak,27,44
Maintenance,DT,WHR,MANHATTAN,Other,29,44
Maintenance,DT,WHR,NON-NYC,AM Peak,31,63
Maintenance,DT,WHR,NON-NYC,Other,29,63
Maintenance,DT,WHR,STATEN ISLAND,AM Peak,31,63
Maintenance,DT,WHR,STATEN ISLAND,Other,29,63
Maintenance,DT,WHR,WHR,AM Peak,31,63
Maintenance,DT,WHR,WHR,Other,29,63
Maintenance,SR,MANHATTAN,MANHATTAN,AM Peak,30,110
Maintenance,SR,MANHATTAN,MANHATTAN,Other,27,110
Maintenance,SR,MANHATTAN,NON-NYC,AM Peak,29,112
Maintenance,SR,MANHATTAN,NON-NYC,Other,29,112
Maintenance,SR,MANHATTAN,STATEN ISLAND,AM Peak,29,112
Maintenance,SR,MANHATTAN,STATEN ISLAND,Other,29,112
Maintenance,SR,MANHATTAN,WHR,AM Peak,29,118
Maintenance,SR,MANHATTAN,WHR,Other,29,118
Maintenance,SR,NON-NYC,MANHATTAN,AM Peak,30,110
Maintenance,SR,NON-NYC,MANHATTAN,Other,27,110
Maintenance,SR,NON-NYC,NON-NYC,AM Peak,29,112
Maintenance,SR,NON-NYC,NON-NYC,Other,29,112
Maintenance,SR,NON-NYC,STATEN ISLAND,AM Peak,29,112
Maintenance,SR,NON-NYC,STATEN ISLAND,Other,29,112
Maintenance,SR,NON-NYC,WHR,AM Peak,29,118
Maintenance,SR,NON-NYC,WHR,Other,29,118
Maintenance,SR,STATEN ISLAND,MANHATTAN,AM Peak,30,38
Maintenance,SR,STATEN ISLAND,MANHATTAN,Other,27,38
Maintenance,SR,STATEN ISLAND,NON-NYC,AM Peak,29,58
Maintenance,SR,STATEN ISLAND,NON-NYC,Other,29,58
Maintenance,SR,STATEN ISLAND,STATEN ISLAND,AM Peak,29,58
Maintenance,SR,STATEN ISLAND,STATEN ISLAND,Other,29,58
Maintenance,SR,STATEN ISLAND,WHR,AM Peak,29,123
Maintenance,SR,STATEN ISLAND,WHR,Other,29,123
Maintenance,SR,WHR,MANHATTAN,AM Peak,30,38
Maintenance,SR,WHR,MANHATTAN,Other,27,38
Maintenance,SR,WHR,NON-NYC,AM Peak,29,58
Maintenance,SR,WHR,NON-NYC,Other,29,58
Maintenance,SR,WHR,STATEN ISLAND,AM Peak,29,58
Maintenance,SR,WHR,STATEN ISLAND,Other,29,58
Maintenance,SR,WHR,WHR,AM Peak,29,58
Maintenance,SR,WHR,WHR,Other,29,58
Maintenance,TAXI,MANHATTAN,MANHATTAN,AM Peak,27,48
Maintenance,TAXI,MANHATTAN,MANHATTAN,Other,29,48
Maintenance,TAXI,MANHATTAN,NON-NYC,AM Peak,76,65
Maintenance,TAXI,MANHATTAN,NON-NYC,Other,29,65
Maintenance,TAXI,MANHATTAN,STATEN ISLAND,AM Peak,76,65
Maintenance,TAXI,MANHATTAN,STATEN ISLAND,Other,29,65
Maintenance,TAXI,MANHATTAN,WHR,AM Peak,76,65
Maintenance,TAXI,MANHATTAN,WHR,Other,29,65
Maintenance,TAXI,NON-NYC,MANHATTAN,AM Peak,27,48
Maintenance,TAXI,NON-NYC,MANHATTAN,Other,29,48
Maintenance,TAXI,NON-NYC,NON-NYC,AM Peak,76,65
Maintenance,TAXI,NON-NYC,NON-NYC,Other,29,65
Maintenance,TAXI,NON-NYC,STATEN ISLAND,AM Peak,76,65
Maintenance,TAXI,NON-NYC,STATEN ISLAND,Other,29,65
Maintenance,TAXI,NON-NYC,WHR,AM Peak,76,65
Maintenance,TAXI,NON-NYC,WHR,Other,29,65
Maintenance,TAXI,STATEN ISLAND,MANHATTAN,AM Peak,27,48
Maintenance,TAXI,STATEN ISLAND,MANHATTAN,Other,29,48
Maintenance,TAXI,STATEN ISLAND,NON-NYC,AM Peak,76,65
Maintenance,TAXI,STATEN ISLAND,NON-NYC,Other,29,65
Maintenance,TAXI,STATEN ISLAND,STATEN ISLAND,AM Peak,76,65
Maintenance,TAXI,STATEN ISLAND,STATEN ISLAND,Other,29,65
Maintenance,TAXI,STATEN ISLAND,WHR,AM Peak,76,65
Maintenance,TAXI,STATEN ISLAND,WHR,Other,29,65
Maintenance,TAXI,WHR,MANHATTAN,AM Peak,27,48
Maintenance,TAXI,WHR,MANHATTAN,Other,29,48
Maintenance,TAXI,WHR,NON-NYC,AM Peak,76,65
Maintenance,TAXI,WHR,NON-NYC,Other,29,65
Maintenance,TAXI,WHR,STATEN ISLAND,AM Peak,76,65
Maintenance,TAXI,WHR,STATEN ISLAND,Other,29,65
Maintenance,TAXI,WHR,WHR,AM Peak,76,65
Maintenance,TAXI,WHR,WHR,Other,29,65
Maintenance,WC,MANHATTAN,MANHATTAN,AM Peak,27,100
Maintenance,WC,MANHATTAN,MANHATTAN,Other,29,100
Maintenance,WC,MANHATTAN,NON-NYC,AM Peak,76,102
Maintenance,WC,MANHATTAN,NON-NYC,Other,29,102
Maintenance,WC,MANHATTAN,STATEN ISLAND,AM Peak,76,102
Maintenance,WC,MANHATTAN,STATEN ISLAND,Other,29,102
Maintenance,WC,MANHATTAN,WHR,AM Peak,76,65
Maintenance,WC,MANHATTAN,WHR,Other,29,65
Maintenance,WC,NON-NYC,MANHATTAN,AM Peak,27,100
Maintenance,WC,NON-NYC,MANHATTAN,Other,29,100
Maintenance,WC,NON-NYC,NON-NYC,AM Peak,76,102
Maintenance,WC,NON-NYC,NON-NYC,Other,29,102
Maintenance,WC,NON-NYC,STATEN ISLAND,AM Peak,76,102
Maintenance,WC,NON-NYC,STATEN ISLAND,Other,29,102
Maintenance,WC,NON-NYC,WHR,AM Peak,76,65
Maintenance,WC,NON-NYC,WHR,Other,29,65
Maintenance,WC,STATEN ISLAND,MANHATTAN,AM Peak,27,44
Maintenance,WC,STATEN ISLAND,MANHATTAN,Other,29,44
Maintenance,WC,STATEN ISLAND,NON-NYC,AM Peak,76,65
Maintenance,WC,STATEN ISLAND,NON-NYC,Other,29,65
Maintenance,WC,STATEN ISLAND,STATEN ISLAND,AM Peak,76,65
Maintenance,WC,STATEN ISLAND,STATEN ISLAND,Other,29,65
Maintenance,WC,STATEN ISLAND,WHR,AM Peak,76,65
Maintenance,WC,STATEN ISLAND,WHR,Other,29,65
Maintenance,WC,WHR,MANHATTAN,AM Peak,27,44
Maintenance,WC,WHR,MANHATTAN,Other,29,44
Maintenance,WC,WHR,NON-NYC,AM Peak,76,65
Maintenance,WC,WHR,NON-NYC,Other,29,65
Maintenance,WC,WHR,STATEN ISLAND,AM Peak,76,65
Maintenance,WC,WHR,STATEN ISLAND,Other,29,65
Maintenance,WC,WHR,WHR,AM Peak,76,65
Maintenance,WC,WHR,WHR,Other,29,65
Maintenance,WT,MANHATTAN,MANHATTAN,AM Peak,27,98
Maintenance,WT,MANHATTAN,MANHATTAN,Other,29,98
Maintenance,WT,MANHATTAN,NON-NYC,AM Peak,31,101
Maintenance,WT,MANHATTAN,NON-NYC,Other,29,101
Maintenance,WT,MANHATTAN,STATEN ISLAND,AM Peak,31,101
Maintenance,WT,MANHATTAN,STATEN ISLAND,Other,29,101
Maintenance,WT,MANHATTAN,WHR,AM Peak,31,63
Maintenance,WT,MANHATTAN,WHR,Other,29,63
Maintenance,WT,NON-NYC,MANHATTAN,AM Peak,27,99
Maintenance,WT,NON-NYC,MANHATTAN,Other,29,99
Maintenance,WT,NON-NYC,NON-NYC,AM Peak,31,101
Maintenance,WT,NON-NYC,NON-NYC,Other,29,101
Maintenance,WT,NON-NYC,STATEN ISLAND,AM Peak,31,101
Maintenance,WT,NON-NYC,STATEN ISLAND,Other,29,101
Maintenance,WT,NON-NYC,WHR,AM Peak,31,63
Maintenance,WT,NON-NYC,WHR,Other,29,63
Maintenance,WT,STATEN ISLAND,MANHATTAN,AM Peak,27,48
Maintenance,WT,STATEN ISLAND,MANHATTAN,Other,29,48
Maintenance,WT,STATEN ISLAND,NON-NYC,AM Peak,31,63
Maintenance,WT,STATEN ISLAND,NON-NYC,Other,29,63
Maintenance,WT,STATEN ISLAND,STATEN ISLAND,AM Peak,31,63
Maintenance,WT,STATEN ISLAND,STATEN ISLAND,Other,29,63
Maintenance,WT,STATEN ISLAND,WHR,AM Peak,31,63
Maintenance,WT,STATEN ISLAND,WHR,Other,29,63
Maintenance,WT,WHR,MANHATTAN,AM Peak,27,48
Maintenance,WT,WHR,MANHATTAN,Other,29,48
Maintenance,WT,WHR,NON-NYC,AM Peak,31,63
Maintenance,WT,WHR,NON-NYC,Other,29,63
Maintenance,WT,WHR,STATEN ISLAND,AM Peak,31,63
Maintenance,WT,WHR,STATEN ISLAND,Other,29,63
Maintenance,WT,WHR,WHR,AM Peak,31,63
Maintenance,WT,WHR,WHR,Other,29,63
School,DA,MANHATTAN,MANHATTAN,AM Peak,16,36
School,DA,MANHATTAN,MANHATTAN,Other,15,36
School,DA,MANHATTAN,NON-NYC,AM Peak,18,52
School,DA,MANHATTAN,NON-NYC,Other,15,52
School,DA,MANHATTAN,STATEN ISLAND,AM Peak,18,52
School,DA,MANHATTAN,STATEN ISLAND,Other,15,52
School,DA,MANHATTAN,WHR,AM Peak,18,52
School,DA,MANHATTAN,WHR,Other,15,52
School,DA,NON-NYC,MANHATTAN,AM Peak,16,36
School,DA,NON-NYC,MANHATTAN,Other,15,36
School,DA,NON-NYC,NON-NYC,AM Peak,18,52
School,DA,NON-NYC,NON-NYC,Other,15,52
School,DA,NON-NYC,STATEN ISLAND,AM Peak,18,52
School,DA,NON-NYC,STATEN ISLAND,Other,15,52
School,DA,NON-NYC,WHR,AM Peak,18,52
School,DA,NON-NYC,WHR,Other,15,52
School,DA,STATEN ISLAND,MANHATTAN,AM Peak,16,36
School,DA,STATEN ISLAND,MANHATTAN,Other,15,36
School,DA,STATEN ISLAND,NON-NYC,AM Peak,18,52
School,DA,STATEN ISLAND,NON-NYC,Other,15,52
School,DA,STATEN ISLAND,STATEN ISLAND,AM Peak,18,52
School,DA,STATEN ISLAND,STATEN ISLAND,Other,15,52
School,DA,STATEN ISLAND,WHR,AM Peak,18,52
School,DA,STATEN ISLAND,WHR,Other,15,52
School,DA,WHR,MANHATTAN,AM Peak,16,36
School,DA,WHR,MANHATTAN,Other,15,36
School,DA,WHR,NON-NYC,AM Peak,18,52
School,DA,WHR,NON-NYC,Other,15,52
School,DA,WHR,STATEN ISLAND,AM Peak,18,52
School,DA,WHR,STATEN ISLAND,Other,15,52
School,DA,WHR,WHR,AM Peak,18,52
School,DA,WHR,WHR,Other,15,52
School,DC,MANHATTAN,MANHATTAN,AM Peak,17,42
School,DC,MANHATTAN,MANHATTAN,Other,15,42
School,DC,MANHATTAN,NON-NYC,AM Peak,19,61
School,DC,MANHATTAN,NON-NYC,Other,15,61
School,DC,MANHATTAN,STATEN ISLAND,AM Peak,19,61
School,DC,MANHATTAN,STATEN ISLAND,Other,15,61
School,DC,MANHATTAN,WHR,AM Peak,19,61
School,DC,MANHATTAN,WHR,Other,15,61
School,DC,NON-NYC,MANHATTAN,AM Peak,17,42
School,DC,NON-NYC,MANHATTAN,Other,15,42
School,DC,NON-NYC,NON-NYC,AM Peak,19,61
School,DC,NON-NYC,NON-NYC,Other,15,61
School,DC,NON-NYC,STATEN ISLAND,AM Peak,19,61
School,DC,NON-NYC,STATEN ISLAND,Other,15,61
School,DC,NON-NYC,WHR,AM Peak,19,61
School,DC,NON-NYC,WHR,Other,15,61
School,DC,STATEN ISLAND,MANHATTAN,AM Peak,17,42
School,DC,STATEN ISLAND,MANHATTAN,Other,15,42
School,DC,STATEN ISLAND,NON-NYC,AM Peak,19,61
School,DC,STATEN ISLAND,NON-NYC,Other,15,61
School,DC,STATEN ISLAND,STATEN ISLAND,AM Peak,19,61
School,DC,STATEN ISLAND,STATEN ISLAND,Other,15,61
School,DC,STATEN ISLAND,WHR,AM Peak,19,61
School,DC,STATEN ISLAND,WHR,Other,15,61
School,DC,WHR,MANHATTAN,AM Peak,17,42
School,DC,WHR,MANHATTAN,Other,15,42
School,DC,WHR,NON-NYC,AM Peak,19,61
School,DC,WHR,NON-NYC,Other,15,61
School,DC,WHR,STATEN ISLAND,AM Peak,19,61
School,DC,WHR,STATEN ISLAND,Other,15,61
School,DC,WHR,WHR,AM Peak,19,61
School,DC,WHR,WHR,Other,15,61
School,DT,MANHATTAN,MANHATTAN,AM Peak,17,42
School,DT,MANHATTAN,MANHATTAN,Other,15,42
School,DT,MANHATTAN,NON-NYC,AM Peak,19,61
School,DT,MANHATTAN,NON-NYC,Other,15,61
School,DT,MANHATTAN,STATEN ISLAND,AM Peak,19,61
School,DT,MANHATTAN,STATEN ISLAND,Other,15,61
School,DT,MANHATTAN,WHR,AM Peak,19,61
School,DT,MANHATTAN,WHR,Other,15,61
School,DT,NON-NYC,MANHATTAN,AM Peak,17,42
School,DT,NON-NYC,MANHATTAN,Other,15,42
School,DT,NON-NYC,NON-NYC,AM Peak,19,61
School,DT,NON-NYC,NON-NYC,Other,15,61
School,DT,NON-NYC,STATEN ISLAND,AM Peak,19,61
School,DT,NON-NYC,STATEN ISLAND,Other,15,61
School,DT,NON-NYC,WHR,AM Peak,19,61
School,DT,NON-NYC,WHR,Other,15,61
School,DT,STATEN ISLAND,MANHATTAN,AM Peak,17,42
School,DT,STATEN ISLAND,MANHATTAN,Other,15,42
School,DT,STATEN ISLAND,NON-NYC,AM Peak,19,61
School,DT,STATEN ISLAND,NON-NYC,Other,15,61
School,DT,STATEN ISLAND,STATEN ISLAND,AM Peak,19,61
School,DT,STATEN ISLAND,STATEN ISLAND,Other,15,61
School,DT,STATEN ISLAND,WHR,AM Peak,19,61
School,DT,STATEN ISLAND,WHR,Other,15,61
School,DT,WHR,MANHATTAN,AM Peak,17,42
School,DT,WHR,MANHATTAN,Other,15,42
School,DT,WHR,NON-NYC,AM Peak,19,61
School,DT,WHR,NON-NYC,Other,15,61
School,DT,WHR,STATEN ISLAND,AM Peak,19,61
School,DT,WHR,STATEN ISLAND,Other,15,61
School,DT,WHR,WHR,AM Peak,19,61
School,DT,WHR,WHR,Other,15,61
School,SR,MANHATTAN,MANHATTAN,AM Peak,16,36
School,SR,MANHATTAN,MANHATTAN,Other,15,36
School,SR,MANHATTAN,NON-NYC,AM Peak,18,52
School,SR,MANHATTAN,NON-NYC,Other,15,52
School,SR,MANHATTAN,STATEN ISLAND,AM Peak,18,52
School,SR,MANHATTAN,STATEN ISLAND,Other,15,52
School,SR,MANHATTAN,WHR,AM Peak,18,52
School,SR,MANHATTAN,WHR,Other,15,52
School,SR,NON-NYC,MANHATTAN,AM Peak,16,36
School,SR,NON-NYC,MANHATTAN,Other,15,36
School,SR,NON-NYC,NON-NYC,AM Peak,18,52
School,SR,NON-NYC,NON-NYC,Other,15,52
School,SR,NON-NYC,STATEN ISLAND,AM Peak,18,52
School,SR,NON-NYC,STATEN ISLAND,Other,15,52
School,SR,NON-NYC,WHR,AM Peak,18,52
School,SR,NON-NYC,WHR,Other,15,52
School,SR,STATEN ISLAND,MANHATTAN,AM Peak,16,36
School,SR,STATEN ISLAND,MANHATTAN,Other,15,36
School,SR,STATEN ISLAND,NON-NYC,AM Peak,18,52
School,SR,STATEN ISLAND,NON-NYC,Other,15,52
School,SR,STATEN ISLAND,STATEN ISLAND,AM Peak,18,52
School,SR,STATEN ISLAND,STATEN ISLAND,Other,15,52
School,SR,STATEN ISLAND,WHR,AM Peak,18,52
School,SR,STATEN ISLAND,WHR,Other,15,52
School,SR,WHR,MANHATTAN,AM Peak,16,36
School,SR,WHR,MANHATTAN,Other,15,36
School,SR,WHR,NON-NYC,AM Peak,18,52
School,SR,WHR,NON-NYC,Other,15,52
School,SR,WHR,STATEN ISLAND,AM Peak,18,52
School,SR,WHR,STATEN ISLAND,Other,15,52
School,SR,WHR,WHR,AM Peak,18,52
School,SR,WHR,WHR,Other,15,52
School,TAXI,MANHATTAN,MANHATTAN,AM Peak,17,42
School,TAXI,MANHATTAN,MANHATTAN,Other,15,42
School,TAXI,MANHATTAN,NON-NYC,AM Peak,19,61
School,TAXI,MANHATTAN,NON-NYC,Other,15,61
School,TAXI,MANHATTAN,STATEN ISLAND,AM Peak,19,61
School,TAXI,MANHATTAN,STATEN ISLAND,Other,15,61
School,TAXI,MANHATTAN,WHR,AM Peak,19,61
School,TAXI,MANHATTAN,WHR,Other,15,61
School,TAXI,NON-NYC,MANHATTAN,AM Peak,17,42
School,TAXI,NON-NYC,MANHATTAN,Other,15,42
School,TAXI,NON-NYC,NON-NYC,AM Peak,19,61
School,TAXI,NON-NYC,NON-NYC,Other,15,61
School,TAXI,NON-NYC,STATEN ISLAND,AM Peak,19,61
School,TAXI,NON-NYC,STATEN ISLAND,Other,15,61
School,TAXI,NON-NYC,WHR,AM Peak,19,61
School,TAXI,NON-NYC,WHR,Other,15,61
School,TAXI,STATEN ISLAND,MANHATTAN,AM Peak,17,42
School,TAXI,STATEN ISLAND,MANHATTAN,Other,15,42
School,TAXI,STATEN ISLAND,NON-NYC,AM Peak,19,61
School,TAXI,STATEN ISLAND,NON-NYC,Other,15,61
School,TAXI,STATEN ISLAND,STATEN ISLAND,AM Peak,19,61
School,TAXI,STATEN ISLAND,STATEN ISLAND,Other,15,61
School,TAXI,STATEN ISLAND,WHR,AM Peak,19,61
School,TAXI,STATEN ISLAND,WHR,Other,15,61
School,TAXI,WHR,MANHATTAN,AM Peak,17,42
School,TAXI,WHR,MANHATTAN,Other,15,42
School,TAXI,WHR,NON-NYC,AM Peak,19,61
School,TAXI,WHR,NON-NYC,Other,15,61
School,TAXI,WHR,STATEN ISLAND,AM Peak,19,61
School,TAXI,WHR,STATEN ISLAND,Other,15,61
School,TAXI,WHR,WHR,AM Peak,19,61
School,TAXI,WHR,WHR,Other,15,61
School,WC,MANHATTAN,MANHATTAN,AM Peak,17,42
School,WC,MANHATTAN,MANHATTAN,Other,15,42
School,WC,MANHATTAN,NON-NYC,AM Peak,19,61
School,WC,MANHATTAN,NON-NYC,Other,15,61
School,WC,MANHATTAN,STATEN ISLAND,AM Peak,19,61
School,WC,MANHATTAN,STATEN ISLAND,Other,15,61
School,WC,MANHATTAN,WHR,AM Peak,19,61
School,WC,MANHATTAN,WHR,Other,15,61
School,WC,NON-NYC,MANHATTAN,AM Peak,17,42
School,WC,NON-NYC,MANHATTAN,Other,15,42
School,WC,NON-NYC,NON-NYC,AM Peak,19,61
School,WC,NON-NYC,NON-NYC,Other,15,61
School,WC,NON-NYC,STATEN ISLAND,AM Peak,19,61
School,WC,NON-NYC,STATEN ISLAND,Other,15,61
School,WC,NON-NYC,WHR,AM Peak,19,61
School,WC,NON-NYC,WHR,Other,15,61
School,WC,STATEN ISLAND,MANHATTAN,AM Peak,17,42
School,WC,STATEN ISLAND,MANHATTAN,Other,15,42
School,WC,STATEN ISLAND,NON-NYC,AM Peak,19,61
School,WC,STATEN ISLAND,NON-NYC,Other,15,61
School,WC,STATEN ISLAND,STATEN ISLAND,AM Peak,19,61
School,WC,STATEN ISLAND,STATEN ISLAND,Other,15,61
School,WC,STATEN ISLAND,WHR,AM Peak,19,61
School,WC,STATEN ISLAND,WHR,Other,15,61
School,WC,WHR,MANHATTAN,AM Peak,17,42
School,WC,WHR,MANHATTAN,Other,15,42
School,WC,WHR,NON-NYC,AM Peak,19,61
School,WC,WHR,NON-NYC,Other,15,61
School,WC,WHR,STATEN ISLAND,AM Peak,19,61
School,WC,WHR,STATEN ISLAND,Other,15,61
School,WC,WHR,WHR,AM Peak,19,61
School,WC,WHR,WHR,Other,15,61
School,WT,MANHATTAN,MANHATTAN,AM Peak,17,42
School,WT,MANHATTAN,MANHATTAN,Other,15,42
School,WT,MANHATTAN,NON-NYC,AM Peak,19,61
School,WT,MANHATTAN,NON-NYC,Other,15,61
School,WT,MANHATTAN,STATEN ISLAND,AM Peak,19,61
School,WT,MANHATTAN,STATEN ISLAND,Other,15,61
School,WT,MANHATTAN,WHR,AM Peak,19,61
School,WT,MANHATTAN,WHR,Other,15,61
School,WT,NON-NYC,MANHATTAN,AM Peak,17,42
School,WT,NON-NYC,MANHATTAN,Other,15,42
School,WT,NON-NYC,NON-NYC,AM Peak,19,61
School,WT,NON-NYC,NON-NYC,Other,15,61
School,WT,NON-NYC,STATEN ISLAND,AM Peak,19,61
School,WT,NON-NYC,STATEN ISLAND,Other,15,61
School,WT,NON-NYC,WHR,AM Peak,19,61
School,WT,NON-NYC,WHR,Other,15,61
School,WT,STATEN ISLAND,MANHATTAN,AM Peak,17,42
School,WT,STATEN ISLAND,MANHATTAN,Other,15,42
School,WT,STATEN ISLAND,NON-NYC,AM Peak,19,61
School,WT,STATEN ISLAND,NON-NYC,Other,15,61
School,WT,STATEN ISLAND,STATEN ISLAND,AM Peak,19,61
School,WT,STATEN ISLAND,STATEN ISLAND,Other,15,61
School,WT,STATEN ISLAND,WHR,AM Peak,19,61
School,WT,STATEN ISLAND,WHR,Other,15,61
School,WT,WHR,MANHATTAN,AM Peak,17,42
School,WT,WHR,MANHATTAN,Other,15,42
School,WT,WHR,NON-NYC,AM Peak,19,61
School,WT,WHR,NON-NYC,Other,15,61
School,WT,WHR,STATEN ISLAND,AM Peak,19,61
School,WT,WHR,STATEN ISLAND,Other,15,61
School,WT,WHR,WHR,AM Peak,19,61
School,WT,WHR,WHR,Other,15,61
University,DA,MANHATTAN,MANHATTAN,AM Peak,20,37
University,DA,MANHATTAN,MANHATTAN,Other,20,37
University,DA,MANHATTAN,NON-NYC,AM Peak,23,53
University,DA,MANHATTAN,NON-NYC,Other,22,53
University,DA,MANHATTAN,STATEN ISLAND,AM Peak,23,53
University,DA,MANHATTAN,STATEN ISLAND,Other,22,53
University,DA,MANHATTAN,WHR,AM Peak,23,53
University,DA,MANHATTAN,WHR,Other,22,53
University,DA,NON-NYC,MANHATTAN,AM Peak,20,37
University,DA,NON-NYC,MANHATTAN,Other,20,37
University,DA,NON-NYC,NON-NYC,AM Peak,23,53
University,DA,NON-NYC,NON-NYC,Other,22,53
University,DA,NON-NYC,STATEN ISLAND,AM Peak,23,53
University,DA,NON-NYC,STATEN ISLAND,Other,22,53
University,DA,NON-NYC,WHR,AM Peak,23,53
University,DA,NON-NYC,WHR,Other,22,53
University,DA,STATEN ISLAND,MANHATTAN,AM Peak,20,37
University,DA,STATEN ISLAND,MANHATTAN,Other,20,37
University,DA,STATEN ISLAND,NON-NYC,AM Peak,23,53
University,DA,STATEN ISLAND,NON-NYC,Other,22,53
University,DA,STATEN ISLAND,STATEN ISLAND,AM Peak,23,53
University,DA,STATEN ISLAND,STATEN ISLAND,Other,22,53
University,DA,STATEN ISLAND,WHR,AM Peak,23,53
University,DA,STATEN ISLAND,WHR,Other,22,53
University,DA,WHR,MANHATTAN,AM Peak,20,37
University,DA,WHR,MANHATTAN,Other,20,37
University,DA,WHR,NON-NYC,AM Peak,23,53
University,DA,WHR,NON-NYC,Other,22,53
University,DA,WHR,STATEN ISLAND,AM Peak,23,53
University,DA,WHR,STATEN ISLAND,Other,22,53
University,DA,WHR,WHR,AM Peak,23,53
University,DA,WHR,WHR,Other,22,53
University,DC,MANHATTAN,MANHATTAN,AM Peak,23,43
University,DC,MANHATTAN,MANHATTAN,Other,22,43
University,DC,MANHATTAN,NON-NYC,AM Peak,24,62
University,DC,MANHATTAN,NON-NYC,Other,26,62
University,DC,MANHATTAN,STATEN ISLAND,AM Peak,24,62
University,DC,MANHATTAN,STATEN ISLAND,Other,26,62
University,DC,MANHATTAN,WHR,AM Peak,24,62
University,DC,MANHATTAN,WHR,Other,26,62
University,DC,NON-NYC,MANHATTAN,AM Peak,23,43
University,DC,NON-NYC,MANHATTAN,Other,22,43
University,DC,NON-NYC,NON-NYC,AM Peak,24,62
University,DC,NON-NYC,NON-NYC,Other,26,62
University,DC,NON-NYC,STATEN ISLAND,AM Peak,24,62
University,DC,NON-NYC,STATEN ISLAND,Other,26,62
University,DC,NON-NYC,WHR,AM Peak,24,62
University,DC,NON-NYC,WHR,Other,26,62
University,DC,STATEN ISLAND,MANHATTAN,AM Peak,23,43
University,DC,STATEN ISLAND,MANHATTAN,Other,22,43
University,DC,STATEN ISLAND,NON-NYC,AM Peak,24,62
University,DC,STATEN ISLAND,NON-NYC,Other,26,62
University,DC,STATEN ISLAND,STATEN ISLAND,AM Peak,24,62
University,DC,STATEN ISLAND,STATEN ISLAND,Other,26,62
University,DC,STATEN ISLAND,WHR,AM Peak,24,62
University,DC,STATEN ISLAND,WHR,Other,26,62
University,DC,WHR,MANHATTAN,AM Peak,23,43
University,DC,WHR,MANHATTAN,Other,22,43
University,DC,WHR,NON-NYC,AM Peak,24,62
University,DC,WHR,NON-NYC,Other,26,62
University,DC,WHR,STATEN ISLAND,AM Peak,24,62
University,DC,WHR,STATEN ISLAND,Other,26,62
University,DC,WHR,WHR,AM Peak,24,62
University,DC,WHR,WHR,Other,26,62
University,DT,MANHATTAN,MANHATTAN,AM Peak,21,43
University,DT,MANHATTAN,MANHATTAN,Other,22,43
University,DT,MANHATTAN,NON-NYC,AM Peak,24,62
University,DT,MANHATTAN,NON-NYC,Other,26,62
University,DT,MANHATTAN,STATEN ISLAND,AM Peak,24,62
University,DT,MANHATTAN,STATEN ISLAND,Other,26,62
University,DT,MANHATTAN,WHR,AM Peak,24,62
University,DT,MANHATTAN,WHR,Other,26,62
University,DT,NON-NYC,MANHATTAN,AM Peak,21,43
University,DT,NON-NYC,MANHATTAN,Other,22,43
University,DT,NON-NYC,NON-NYC,AM Peak,24,62
University,DT,NON-NYC,NON-NYC,Other,26,62
University,DT,NON-NYC,STATEN ISLAND,AM Peak,24,62
University,DT,NON-NYC,STATEN ISLAND,Other,26,62
University,DT,NON-NYC,WHR,AM Peak,24,62
University,DT,NON-NYC,WHR,Other,26,62
University,DT,STATEN ISLAND,MANHATTAN,AM Peak,21,43
University,DT,STATEN ISLAND,MANHATTAN,Other,22,43
University,DT,STATEN ISLAND,NON-NYC,AM Peak,24,62
University,DT,STATEN ISLAND,NON-NYC,Other,26,62
University,DT,STATEN ISLAND,STATEN ISLAND,AM Peak,24,62
University,DT,STATEN ISLAND,STATEN ISLAND,Other,26,62
University,DT,STATEN ISLAND,WHR,AM Peak,24,62
University,DT,STATEN ISLAND,WHR,Other,26,62
University,DT,WHR,MANHATTAN,AM Peak,21,43
University,DT,WHR,MANHATTAN,Other,22,43
University,DT,WHR,NON-NYC,AM Peak,24,62
University,DT,WHR,NON-NYC,Other,26,62
University,DT,WHR,STATEN ISLAND,AM Peak,24,62
University,DT,WHR,STATEN ISLAND,Other,26,62
University,DT,WHR,WHR,AM Peak,24,62
University,DT,WHR,WHR,Other,26,62
University,SR,MANHATTAN,MANHATTAN,AM Peak,20,37
University,SR,MANHATTAN,MANHATTAN,Other,20,37
University,SR,MANHATTAN,NON-NYC,AM Peak,23,53
University,SR,MANHATTAN,NON-NYC,Other,22,53
University,SR,MANHATTAN,STATEN ISLAND,AM Peak,23,53
University,SR,MANHATTAN,STATEN ISLAND,Other,22,53
University,SR,MANHATTAN,WHR,AM Peak,23,53
University,SR,MANHATTAN,WHR,Other,22,53
University,SR,NON-NYC,MANHATTAN,AM Peak,20,37
University,SR,NON-NYC,MANHATTAN,Other,20,37
University,SR,NON-NYC,NON-NYC,AM Peak,23,53
University,SR,NON-NYC,NON-NYC,Other,22,53
University,SR,NON-NYC,STATEN ISLAND,AM Peak,23,53
University,SR,NON-NYC,STATEN ISLAND,Other,22,53
University,SR,NON-NYC,WHR,AM Peak,23,53
University,SR,NON-NYC,WHR,Other,22,53
University,SR,STATEN ISLAND,MANHATTAN,AM Peak,20,37
University,SR,STATEN ISLAND,MANHATTAN,Other,20,37
University,SR,STATEN ISLAND,NON-NYC,AM Peak,23,53
University,SR,STATEN ISLAND,NON-NYC,Other,22,53
University,SR,STATEN ISLAND,STATEN ISLAND,AM Peak,23,53
University,SR,STATEN ISLAND,STATEN ISLAND,Other,22,53
University,SR,STATEN ISLAND,WHR,AM Peak,23,53
University,SR,STATEN ISLAND,WHR,Other,22,53
University,SR,WHR,MANHATTAN,AM Peak,20,37
University,SR,WHR,MANHATTAN,Other,20,37
University,SR,WHR,NON-NYC,AM Peak,23,53
University,SR,WHR,NON-NYC,Other,22,53
University,SR,WHR,STATEN ISLAND,AM Peak,23,53
University,SR,WHR,STATEN ISLAND,Other,22,53
University,SR,WHR,WHR,AM Peak,23,53
University,SR,WHR,WHR,Other,22,53
University,TAXI,MANHATTAN,MANHATTAN,AM Peak,23,43
University,TAXI,MANHATTAN,MANHATTAN,Other,22,43
University,TAXI,MANHATTAN,NON-NYC,AM Peak,24,62
University,TAXI,MANHATTAN,NON-NYC,Other,26,62
University,TAXI,MANHATTAN,STATEN ISLAND,AM Peak,24,62
University,TAXI,MANHATTAN,STATEN ISLAND,Other,26,62
University,TAXI,MANHATTAN,WHR,AM Peak,24,62
University,TAXI,MANHATTAN,WHR,Other,26,62
University,TAXI,NON-NYC,MANHATTAN,AM Peak,23,43
University,TAXI,NON-NYC,MANHATTAN,Other,22,43
University,TAXI,NON-NYC,NON-NYC,AM Peak,24,62
University,TAXI,NON-NYC,NON-NYC,Other,26,62
University,TAXI,NON-NYC,STATEN ISLAND,AM Peak,24,62
University,TAXI,NON-NYC,STATEN ISLAND,Other,26,62
University,TAXI,NON-NYC,WHR,AM Peak,24,62
University,TAXI,NON-NYC,WHR,Other,26,62
University,TAXI,STATEN ISLAND,MANHATTAN,AM Peak,23,43
University,TAXI,STATEN ISLAND,MANHATTAN,Other,22,43
University,TAXI,STATEN ISLAND,NON-NYC,AM Peak,24,62
University,TAXI,STATEN ISLAND,NON-NYC,Other,26,62
University,TAXI,STATEN ISLAND,STATEN ISLAND,AM Peak,24,62
University,TAXI,STATEN ISLAND,STATEN ISLAND,Other,26,62
University,TAXI,STATEN ISLAND,WHR,AM Peak,24,62
University,TAXI,STATEN ISLAND,WHR,Other,26,62
University,TAXI,WHR,MANHATTAN,AM Peak,23,43
University,TAXI,WHR,MANHATTAN,Other,22,43
University,TAXI,WHR,NON-NYC,AM Peak,24,62
University,TAXI,WHR,NON-NYC,Other,26,62
University,TAXI,WHR,STATEN ISLAND,AM Peak,24,62
University,TAXI,WHR,STATEN ISLAND,Other,26,62
University,TAXI,WHR,WHR,AM Peak,24,62
University,TAXI,WHR,WHR,Other,26,62
University,WC,MANHATTAN,MANHATTAN,AM Peak,23,43
University,WC,MANHATTAN,MANHATTAN,Other,22,43
University,WC,MANHATTAN,NON-NYC,AM Peak,24,62
University,WC,MANHATTAN,NON-NYC,Other,26,62
University,WC,MANHATTAN,STATEN ISLAND,AM Peak,24,62
University,WC,MANHATTAN,STATEN ISLAND,Other,26,62
University,WC,MANHATTAN,WHR,AM Peak,24,62
University,WC,MANHATTAN,WHR,Other,26,62
University,WC,NON-NYC,MANHATTAN,AM Peak,23,43
University,WC,NON-NYC,MANHATTAN,Other,22,43
University,WC,NON-NYC,NON-NYC,AM Peak,24,62
University,WC,NON-NYC,NON-NYC,Other,26,62
University,WC,NON-NYC,STATEN ISLAND,AM Peak,24,62
University,WC,NON-NYC,STATEN ISLAND,Other,26,62
University,WC,NON-NYC,WHR,AM Peak,24,62
University,WC,NON-NYC,WHR,Other,26,62
University,WC,STATEN ISLAND,MANHATTAN,AM Peak,23,43
University,WC,STATEN ISLAND,MANHATTAN,Other,22,43
University,WC,STATEN ISLAND,NON-NYC,AM Peak,24,62
University,WC,STATEN ISLAND,NON-NYC,Other,26,62
University,WC,STATEN ISLAND,STATEN ISLAND,AM Peak,24,62
University,WC,STATEN ISLAND,STATEN ISLAND,Other,26,62
University,WC,STATEN ISLAND,WHR,AM Peak,24,62
University,WC,STATEN ISLAND,WHR,Other,26,62
University,WC,WHR,MANHATTAN,AM Peak,23,43
University,WC,WHR,MANHATTAN,Other,22,43
University,WC,WHR,NON-NYC,AM Peak,24,62
University,WC,WHR,NON-NYC,Other,26,62
University,WC,WHR,STATEN ISLAND,AM Peak,24,62
University,WC,WHR,STATEN ISLAND,Other,26,62
University,WC,WHR,WHR,AM Peak,24,62
University,WC,WHR,WHR,Other,26,62
University,WT,MANHATTAN,MANHATTAN,AM Peak,21,47
University,WT,MANHATTAN,MANHATTAN,Other,22,47
University,WT,MANHATTAN,NON-NYC,AM Peak,24,62
University,WT,MANHATTAN,NON-NYC,Other,26,62
University,WT,MANHATTAN,STATEN ISLAND,AM Peak,24,62
University,WT,MANHATTAN,STATEN ISLAND,Other,26,62
University,WT,MANHATTAN,WHR,AM Peak,24,62
University,WT,MANHATTAN,WHR,Other,26,62
University,WT,NON-NYC,MANHATTAN,AM Peak,21,47
University,WT,NON-NYC,MANHATTAN,Other,22,47
University,WT,NON-NYC,NON-NYC,AM Peak,24,62
University,WT,NON-NYC,NON-NYC,Other,26,62
University,WT,NON-NYC,STATEN ISLAND,AM Peak,24,62
University,WT,NON-NYC,STATEN ISLAND,Other,26,62
University,WT,NON-NYC,WHR,AM Peak,24,62
University,WT,NON-NYC,WHR,Other,26,62
University,WT,STATEN ISLAND,MANHATTAN,AM Peak,21,47
University,WT,STATEN ISLAND,MANHATTAN,Other,22,47
University,WT,STATEN ISLAND,NON-NYC,AM Peak,24,62
University,WT,STATEN ISLAND,NON-NYC,Other,26,62
University,WT,STATEN ISLAND,STATEN ISLAND,AM Peak,24,62
University,WT,STATEN ISLAND,STATEN ISLAND,Other,26,62
University,WT,STATEN ISLAND,WHR,AM Peak,24,62
University,WT,STATEN ISLAND,WHR,Other,26,62
University,WT,WHR,MANHATTAN,AM Peak,21,47
University,WT,WHR,MANHATTAN,Other,22,47
University,WT,WHR,NON-NYC,AM Peak,24,62
University,WT,WHR,NON-NYC,Other,26,62
University,WT,WHR,STATEN ISLAND,AM Peak,24,62
University,WT,WHR,STATEN ISLAND,Other,26,62
University,WT,WHR,WHR,AM Peak,24,62
University,WT,WHR,WHR,Other,26,62
Work,DA,MANHATTAN,MANHATTAN,AM Peak,1,105
Work,DA,MANHATTAN,MANHATTAN,Other,5,105
Work,DA,MANHATTAN,NON-NYC,AM Peak,7,107
Work,DA,MANHATTAN,NON-NYC,Other,10,107
Work,DA,MANHATTAN,STATEN ISLAND,AM Peak,7,107
Work,DA,MANHATTAN,STATEN ISLAND,Other,10,107
Work,DA,MANHATTAN,WHR,AM Peak,7,115
Work,DA,MANHATTAN,WHR,Other,10,115
Work,DA,NON-NYC,MANHATTAN,AM Peak,1,105
Work,DA,NON-NYC,MANHATTAN,Other,5,105
Work,DA,NON-NYC,NON-NYC,AM Peak,7,107
Work,DA,NON-NYC,NON-NYC,Other,10,107
Work,DA,NON-NYC,STATEN ISLAND,AM Peak,7,107
Work,DA,NON-NYC,STATEN ISLAND,Other,10,107
Work,DA,NON-NYC,WHR,AM Peak,7,115
Work,DA,NON-NYC,WHR,Other,10,115
Work,DA,STATEN ISLAND,MANHATTAN,AM Peak,1,34
Work,DA,STATEN ISLAND,MANHATTAN,Other,5,34
Work,DA,STATEN ISLAND,NON-NYC,AM Peak,7,50
Work,DA,STATEN ISLAND,NON-NYC,Other,10,50
Work,DA,STATEN ISLAND,STATEN ISLAND,AM Peak,7,50
Work,DA,STATEN ISLAND,STATEN ISLAND,Other,10,50
Work,DA,STATEN ISLAND,WHR,AM Peak,7,120
Work,DA,STATEN ISLAND,WHR,Other,10,120
Work,DA,WHR,MANHATTAN,AM Peak,1,34
Work,DA,WHR,MANHATTAN,Other,5,34
Work,DA,WHR,NON-NYC,AM Peak,7,50
Work,DA,WHR,NON-NYC,Other,10,50
Work,DA,WHR,STATEN ISLAND,AM Peak,7,50
Work,DA,WHR,STATEN ISLAND,Other,10,50
Work,DA,WHR,WHR,AM Peak,7,50
Work,DA,WHR,WHR,Other,10,50
Work,DC,MANHATTAN,MANHATTAN,AM Peak,3,95
Work,DC,MANHATTAN,MANHATTAN,Other,6,95
Work,DC,MANHATTAN,NON-NYC,AM Peak,9,97
Work,DC,MANHATTAN,NON-NYC,Other,11,97
Work,DC,MANHATTAN,STATEN ISLAND,AM Peak,9,97
Work,DC,MANHATTAN,STATEN ISLAND,Other,11,97
Work,DC,MANHATTAN,WHR,AM Peak,9,59
Work,DC,MANHATTAN,WHR,Other,11,59
Work,DC,NON-NYC,MANHATTAN,AM Peak,3,95
Work,DC,NON-NYC,MANHATTAN,Other,6,95
Work,DC,NON-NYC,NON-NYC,AM Peak,9,97
Work,DC,NON-NYC,NON-NYC,Other,11,97
Work,DC,NON-NYC,STATEN ISLAND,AM Peak,9,97
Work,DC,NON-NYC,STATEN ISLAND,Other,11,97
Work,DC,NON-NYC,WHR,AM Peak,9,59
Work,DC,NON-NYC,WHR,Other,11,59
Work,DC,STATEN ISLAND,MANHATTAN,AM Peak,3,49
Work,DC,STATEN ISLAND,MANHATTAN,Other,6,49
Work,DC,STATEN ISLAND,NON-NYC,AM Peak,9,59
Work,DC,STATEN ISLAND,NON-NYC,Other,11,59
Work,DC,STATEN ISLAND,STATEN ISLAND,AM Peak,9,59
Work,DC,STATEN ISLAND,STATEN ISLAND,Other,11,59
Work,DC,STATEN ISLAND,WHR,AM Peak,9,59
Work,DC,STATEN ISLAND,WHR,Other,11,59
Work,DC,WHR,MANHATTAN,AM Peak,3,49
Work,DC,WHR,MANHATTAN,Other,6,49
Work,DC,WHR,NON-NYC,AM Peak,9,59
Work,DC,WHR,NON-NYC,Other,11,59
Work,DC,WHR,STATEN ISLAND,AM Peak,9,59
Work,DC,WHR,STATEN ISLAND,Other,11,59
Work,DC,WHR,WHR,AM Peak,9,59
Work,DC,WHR,WHR,Other,11,59
Work,DT,MANHATTAN,MANHATTAN,AM Peak,2,91
Work,DT,MANHATTAN,MANHATTAN,Other,6,91
Work,DT,MANHATTAN,NON-NYC,AM Peak,8,96
Work,DT,MANHATTAN,NON-NYC,Other,11,96
Work,DT,MANHATTAN,STATEN ISLAND,AM Peak,8,96
Work,DT,MANHATTAN,STATEN ISLAND,Other,11,96
Work,DT,MANHATTAN,WHR,AM Peak,8,59
Work,DT,MANHATTAN,WHR,Other,11,59
Work,DT,NON-NYC,MANHATTAN,AM Peak,2,93
Work,DT,NON-NYC,MANHATTAN,Other,6,93
Work,DT,NON-NYC,NON-NYC,AM Peak,8,96
Work,DT,NON-NYC,NON-NYC,Other,11,96
Work,DT,NON-NYC,STATEN ISLAND,AM Peak,8,96
Work,DT,NON-NYC,STATEN ISLAND,Other,11,96
Work,DT,NON-NYC,WHR,AM Peak,8,59
Work,DT,NON-NYC,WHR,Other,11,59
Work,DT,STATEN ISLAND,MANHATTAN,AM Peak,2,41
Work,DT,STATEN ISLAND,MANHATTAN,Other,6,41
Work,DT,STATEN ISLAND,NON-NYC,AM Peak,8,59
Work,DT,STATEN ISLAND,NON-NYC,Other,11,59
Work,DT,STATEN ISLAND,STATEN ISLAND,AM Peak,8,59
Work,DT,STATEN ISLAND,STATEN ISLAND,Other,11,59
Work,DT,STATEN ISLAND,WHR,AM Peak,8,59
Work,DT,STATEN ISLAND,WHR,Other,11,59
Work,DT,WHR,MANHATTAN,AM Peak,2,41
Work,DT,WHR,MANHATTAN,Other,6,41
Work,DT,WHR,NON-NYC,AM Peak,8,59
Work,DT,WHR,NON-NYC,Other,11,59
Work,DT,WHR,STATEN ISLAND,AM Peak,8,59
Work,DT,WHR,STATEN ISLAND,Other,11,59
Work,DT,WHR,WHR,AM Peak,8,59
Work,DT,WHR,WHR,Other,11,59
Work,SR,MANHATTAN,MANHATTAN,AM Peak,1,106
Work,SR,MANHATTAN,MANHATTAN,Other,5,106
Work,SR,MANHATTAN,NON-NYC,AM Peak,7,108
Work,SR,MANHATTAN,NON-NYC,Other,10,108
Work,SR,MANHATTAN,STATEN ISLAND,AM Peak,7,108
Work,SR,MANHATTAN,STATEN ISLAND,Other,10,108
Work,SR,MANHATTAN,WHR,AM Peak,7,116
Work,SR,MANHATTAN,WHR,Other,10,116
Work,SR,NON-NYC,MANHATTAN,AM Peak,1,106
Work,SR,NON-NYC,MANHATTAN,Other,5,106
Work,SR,NON-NYC,NON-NYC,AM Peak,7,108
Work,SR,NON-NYC,NON-NYC,Other,10,108
Work,SR,NON-NYC,STATEN ISLAND,AM Peak,7,108
Work,SR,NON-NYC,STATEN ISLAND,Other,10,108
Work,SR,NON-NYC,WHR,AM Peak,7,116
Work,SR,NON-NYC,WHR,Other,10,116
Work,SR,STATEN ISLAND,MANHATTAN,AM Peak,1,34
Work,SR,STATEN ISLAND,MANHATTAN,Other,5,34
Work,SR,STATEN ISLAND,NON-NYC,AM Peak,7,56
Work,SR,STATEN ISLAND,NON-NYC,Other,10,56
Work,SR,STATEN ISLAND,STATEN ISLAND,AM Peak,7,56
Work,SR,STATEN ISLAND,STATEN ISLAND,Other,10,56
Work,SR,STATEN ISLAND,WHR,AM Peak,7,121
Work,SR,STATEN ISLAND,WHR,Other,10,121
Work,SR,WHR,MANHATTAN,AM Peak,1,34
Work,SR,WHR,MANHATTAN,Other,5,34
Work,SR,WHR,NON-NYC,AM Peak,7,56
Work,SR,WHR,NON-NYC,Other,10,56
Work,SR,WHR,STATEN ISLAND,AM Peak,7,56
Work,SR,WHR,STATEN ISLAND,Other,10,56
Work,SR,WHR,WHR,AM Peak,7,56
Work,SR,WHR,WHR,Other,10,56
Work,TAXI,MANHATTAN,MANHATTAN,AM Peak,4,66
Work,TAXI,MANHATTAN,MANHATTAN,Other,75,66
Work,TAXI,MANHATTAN,NON-NYC,AM Peak,8,59
Work,TAXI,MANHATTAN,NON-NYC,Other,11,59
Work,TAXI,MANHATTAN,STATEN ISLAND,AM Peak,8,59
Work,TAXI,MANHATTAN,STATEN ISLAND,Other,11,59
Work,TAXI,MANHATTAN,WHR,AM Peak,8,59
Work,TAXI,MANHATTAN,WHR,Other,11,59
Work,TAXI,NON-NYC,MANHATTAN,AM Peak,4,66
Work,TAXI,NON-NYC,MANHATTAN,Other,75,66
Work,TAXI,NON-NYC,NON-NYC,AM Peak,8,59
Work,TAXI,NON-NYC,NON-NYC,Other,11,59
Work,TAXI,NON-NYC,STATEN ISLAND,AM Peak,8,59
Work,TAXI,NON-NYC,STATEN ISLAND,Other,11,59
Work,TAXI,NON-NYC,WHR,AM Peak,8,59
Work,TAXI,NON-NYC,WHR,Other,11,59
Work,TAXI,STATEN ISLAND,MANHATTAN,AM Peak,4,66
Work,TAXI,STATEN ISLAND,MANHATTAN,Other,75,66
Work,TAXI,STATEN ISLAND,NON-NYC,AM Peak,8,59
Work,TAXI,STATEN ISLAND,NON-NYC,Other,11,59
Work,TAXI,STATEN ISLAND,STATEN ISLAND,AM Peak,8,59
Work,TAXI,STATEN ISLAND,STATEN ISLAND,Other,11,59
Work,TAXI,STATEN ISLAND,WHR,AM Peak,8,59
Work,TAXI,STATEN ISLAND,WHR,Other,11,59
Work,TAXI,WHR,MANHATTAN,AM Peak,4,66
Work,TAXI,WHR,MANHATTAN,Other,75,66
Work,TAXI,WHR,NON-NYC,AM Peak,8,59
Work,TAXI,WHR,NON-NYC,Other,11,59
Work,TAXI,WHR,STATEN ISLAND,AM Peak,8,59
Work,TAXI,WHR,STATEN ISLAND,Other,11,59
Work,TAXI,WHR,WHR,AM Peak,8,59
Work,TAXI,WHR,WHR,Other,11,59
Work,WC,MANHATTAN,MANHATTAN,AM Peak,3,95
Work,WC,MANHATTAN,MANHATTAN,Other,6,95
Work,WC,MANHATTAN,NON-NYC,AM Peak,9,97
Work,WC,MANHATTAN,NON-NYC,Other,11,97
Work,WC,MANHATTAN,STATEN ISLAND,AM Peak,9,97
Work,WC,MANHATTAN,STATEN ISLAND,Other,11,97
Work,WC,MANHATTAN,WHR,AM Peak,9,59
Work,WC,MANHATTAN,WHR,Other,11,59
Work,WC,NON-NYC,MANHATTAN,AM Peak,3,95
Work,WC,NON-NYC,MANHATTAN,Other,6,95
Work,WC,NON-NYC,NON-NYC,AM Peak,9,97
Work,WC,NON-NYC,NON-NYC,Other,11,97
Work,WC,NON-NYC,STATEN ISLAND,AM Peak,9,97
Work,WC,NON-NYC,STATEN ISLAND,Other,11,97
Work,WC,NON-NYC,WHR,AM Peak,9,59
Work,WC,NON-NYC,WHR,Other,11,59
Work,WC,STATEN ISLAND,MANHATTAN,AM Peak,3,49
Work,WC,STATEN ISLAND,MANHATTAN,Other,6,49
Work,WC,STATEN ISLAND,NON-NYC,AM Peak,9,59
Work,WC,STATEN ISLAND,NON-NYC,Other,11,59
Work,WC,STATEN ISLAND,STATEN ISLAND,AM Peak,9,59
Work,WC,STATEN ISLAND,STATEN ISLAND,Other,11,59
Work,WC,STATEN ISLAND,WHR,AM Peak,9,59
Work,WC,STATEN ISLAND,WHR,Other,11,59
Work,WC,WHR,MANHATTAN,AM Peak,3,49
Work,WC,WHR,MANHATTAN,Other,6,49
Work,WC,WHR,NON-NYC,AM Peak,9,59
Work,WC,WHR,NON-NYC,Other,11,59
Work,WC,WHR,STATEN ISLAND,AM Peak,9,59
Work,WC,WHR,STATEN ISLAND,Other,11,59
Work,WC,WHR,WHR,AM Peak,9,59
Work,WC,WHR,WHR,Other,11,59
Work,WT,MANHATTAN,MANHATTAN,AM Peak,2,92
Work,WT,MANHATTAN,MANHATTAN,Other,6,92
Work,WT,MANHATTAN,NON-NYC,AM Peak,8,96
Work,WT,MANHATTAN,NON-NYC,Other,11,96
Work,WT,MANHATTAN,STATEN ISLAND,AM Peak,8,96
Work,WT,MANHATTAN,STATEN ISLAND,Other,11,96
Work,WT,MANHATTAN,WHR,AM Peak,8,59
Work,WT,MANHATTAN,WHR,Other,11,59
Work,WT,NON-NYC,MANHATTAN,AM Peak,2,94
Work,WT,NON-NYC,MANHATTAN,Other,6,94
Work,WT,NON-NYC,NON-NYC,AM Peak,8,96
Work,WT,NON-NYC,NON-NYC,Other,11,96
Work,WT,NON-NYC,STATEN ISLAND,AM Peak,8,96
Work,WT,NON-NYC,STATEN ISLAND,Other,11,96
Work,WT,NON-NYC,WHR,AM Peak,8,59
Work,WT,NON-NYC,WHR,Other,11,59
Work,WT,STATEN ISLAND,MANHATTAN,AM Peak,2,46
Work,WT,STATEN ISLAND,MANHATTAN,Other,6,46
Work,WT,STATEN ISLAND,NON-NYC,AM Peak,8,59
Work,WT,STATEN ISLAND,NON-NYC,Other,11,59
Work,WT,STATEN ISLAND,STATEN ISLAND,AM Peak,8,59
Work,WT,STATEN ISLAND,STATEN ISLAND,Other,11,59
Work,WT,STATEN ISLAND,WHR,AM Peak,8,59
Work,WT,STATEN ISLAND,WHR,Other,11,59
Work,WT,WHR,MANHATTAN,AM Peak,2,46
Work,WT,WHR,MANHATTAN,Other,6,46
Work,WT,WHR,NON-NYC,AM Peak,8,59
Work,WT,WHR,NON-NYC,Other,11,59
Work,WT,WHR,STATEN ISLAND,AM Peak,8,59
Work,WT,WHR,STATEN ISLAND,Other,11,59
Work,WT,WHR,WHR,AM Peak,8,59
Work,WT,WHR,WHR,Other,11,59
